Order ID,SKU,Product Name,Category,Amount,Status,Date,Customer Name,Customer Email,Pais
4fb0db85-7cde-4a4c-b845-8190adf8b964,14133206,Station Politics,Health,231.57,Shipped,2024-07-20,Catherine Harris,holly70@example.com,Togo
97d3b07e-4f63-4813-9155-179c54e8ce9a,03339985,Truth Particularly,Beauty,268.73,Shipped,2024-03-11,Teresa Young,jessicaroman@example.net,United States Virgin Islands
c88e178a-1c3b-448f-b598-7b66568798cb,06617905,Listen Food,Toys,395.74,Cancelled,2023-10-26,Stephanie Williams,hroberts@example.com,Ghana
27755325-a84d-4b9e-9276-0e849a4235a4,02034003,Keep Easy,Automotive,466.42,Shipped,2024-03-01,Patrick Wilson,danielcarter@example.net,Ghana
fd9f82dd-962a-4942-8dc8-a0b9599fc083,67336203,World Benefit,Books,387.89,Returned,2024-01-13,Corey Taylor,normanhensley@example.net,China
8d9d294e-3012-4cca-b33f-3724c8da32fa,53709523,Thousand Former,Automotive,50.48,Shipped,2024-05-13,Diane White,kristinastafford@example.com,Costa Rica
093845b6-b4d9-4584-adc6-477587eae189,06003791,Remain Indicate,Books,225.0,Pending,2023-12-15,Justin Gutierrez,barrettpeter@example.net,Guinea
e249cff3-9124-4c17-b8b1-cd0f3c349a6b,46116031,Prove Environment,Electronics,426.15,Pending,2024-05-31,Christopher Gonzalez,alison48@example.net,Chile
af49952e-f997-4769-9dd3-24fac6c0e2f8,94682458,Item Policy,Toys,314.79,Shipped,2024-02-02,Katherine Brown,destinyli@example.org,Guadeloupe
a2cb68f1-5a3a-47e0-ade0-901b342c81c3,90120107,Chance Bit,Books,274.21,Pending,2023-11-05,Tracy Garcia,andre68@example.org,Bahamas
3829c407-e9f0-46da-a382-7305360a2aab,79258470,Others Happy,Electronics,371.82,Shipped,2024-07-01,Jerry Johnson,dthomas@example.net,Gabon
8a6810ce-26d5-45e6-9a55-e5c1c9482d76,29212477,Clear Town,Electronics,343.3,Pending,2024-07-04,Amber Simmons,bradley70@example.com,Seychelles
d72dcb50-3913-40dc-8462-44a013e5d2c2,81073351,Democrat Child,Sports,133.17,Shipped,2024-06-02,Aaron Perez,tmartinez@example.org,Iceland
06667d62-9b91-4582-a32b-36b26c8b679a,78085152,Think Race,Health,336.95,Shipped,2024-02-20,Chelsea Davis,ssmith@example.com,China
1ff8248c-e90f-47f4-946a-6837ab088ce2,70249880,Window Mission,Health,278.51,Returned,2024-06-05,Linda Miller,brianguzman@example.net,New Zealand
daaaf24b-4420-40e7-b342-c2a52a21c22f,21586927,Theory Fish,Office Supplies,335.74,Pending,2023-11-11,Raymond Harrison,beasleyolivia@example.org,Finland
64f848bb-00c3-4819-98c0-0cf0adb0ef7a,73108788,Fast Boy,Sports,276.57,Returned,2024-07-20,Jane Riddle,christopher69@example.org,Bangladesh
3b2ccb5a-6a0a-4d0e-b780-2f9ba5b75e77,71639505,Agreement Tree,Clothing,221.91,Shipped,2024-03-29,Gary Stewart,phillipking@example.com,Marshall Islands
f9699938-80fc-45b5-9705-7de216fea0a5,55544863,Especially Pay,Sports,499.8,Shipped,2023-12-16,David Crosby,tdougherty@example.net,Somalia
bb0760b8-8887-4553-b6ee-cf1c96dedbc5,76338113,Because Well,Automotive,65.93,Pending,2024-08-21,Alexander Perez Jr.,klarsen@example.net,Germany
df4f20de-d7bd-4ef9-b2ad-8c28e46999d7,69283635,Through Hope,Beauty,457.91,Returned,2024-05-01,Mary Scott,dixonjohn@example.com,Solomon Islands
a97f0645-93c7-45d3-aa9c-b68dabe0ba8b,07626210,Many Act,Health,96.37,Returned,2024-05-07,Edward Green,dmitchell@example.com,Hong Kong
87b24a75-31af-4571-a84b-21c19516648b,17252676,Resource Yourself,Automotive,132.59,Shipped,2024-03-26,Todd Wright,carolbates@example.org,Switzerland
010fb84e-5757-469a-a632-c4a82268d1f3,32279085,Growth Throw,Books,267.22,Pending,2023-10-22,Julie Quinn,kirk28@example.net,Cambodia
7478cfa1-1c97-4e73-a0f3-634543c2f613,10114780,Long Its,Office Supplies,359.3,Cancelled,2024-02-23,Jon Green,calebolson@example.net,Ukraine
375d9c28-1f81-4598-9399-3c7a5e1b240c,23943698,Continue Song,Office Supplies,443.48,Pending,2024-03-06,Kevin Johnson,mirandaingram@example.com,Spain
ceed40ae-493a-4726-b134-d36bf465dbaf,51581879,Picture Set,Sports,456.7,Pending,2024-04-11,Nicholas Morris,caitlin91@example.org,Cyprus
c007055b-4213-4301-8c02-b5a01d5bcfb5,85647268,Age Majority,Sports,110.91,Cancelled,2023-10-23,Mr. Michael Jimenez,keith59@example.org,Samoa
1dec2cb7-90e6-48f5-9f49-2df22baac2ed,52174827,Professional Cause,Automotive,386.51,Cancelled,2023-11-13,Mark Cochran,mark80@example.com,Andorra
5320cff6-08a9-4abc-88f9-71699d18e58d,79754774,Often Into,Books,147.14,Returned,2024-04-24,Jessica Nelson,owensshelly@example.com,Estonia
912bec9f-da64-4d05-bbf1-cf10b9b3b72a,75239299,Beyond Large,Electronics,66.39,Returned,2023-12-17,Kristen Fischer,james40@example.org,Indonesia
f1972b92-6b0f-4752-a4db-d3c0a0275496,61175013,Sort Participant,Clothing,227.84,Cancelled,2023-12-02,Kristen Baker,moralestodd@example.org,Congo
e5a06e55-7b5e-4b15-aea6-86619eac2f9b,03449134,Pick Quickly,Beauty,310.99,Shipped,2024-07-19,Ronald Maynard,patelemily@example.com,Marshall Islands
f3e4a433-9e53-4780-8694-c0fe815876a6,11733799,Data Not,Automotive,46.82,Returned,2024-05-04,Connie Wood,kathyclark@example.net,Congo
9e2f0080-7007-4c8b-9321-8f858e29d8fe,79008549,Section Budget,Toys,31.88,Shipped,2023-12-24,Julia Holloway,brent21@example.com,Venezuela
23344486-a066-46d0-8fe5-e167f8f448e5,55511582,Memory Focus,Automotive,176.05,Returned,2024-08-27,Madison Knight,elizabethroach@example.net,Vanuatu
a950f28e-f2b1-4ea6-b591-1ed575bc52d4,68848200,Peace However,Electronics,494.98,Shipped,2023-11-14,Paul Hernandez II,christopherbaker@example.org,Saint Lucia
f1ce25ab-a571-4fa7-aa59-e16e11767a9e,72316832,Deal Dark,Sports,100.97,Pending,2024-01-17,Alison Smith,williserica@example.org,Burkina Faso
f741e536-13c8-4c4b-84e2-8f1725c2d262,31299848,Within Reflect,Sports,342.57,Pending,2024-03-23,Lauren Freeman,stephen98@example.com,Mayotte
dca83285-5ec1-48b4-834c-43cd766d2a66,06973827,Create Hour,Health,454.88,Shipped,2023-12-30,Guy Wilson,codylopez@example.net,Luxembourg
7157a2d7-25cc-495d-a8e7-74059477f1b9,46057020,Various Admit,Sports,43.28,Cancelled,2024-01-18,Randy Rogers,phillipstodd@example.com,Uruguay
96622591-3621-485f-8fbb-5e4c497a313e,79690638,Music And,Books,100.85,Returned,2024-07-12,Anthony Miller,goodwindaniel@example.net,Bolivia
566a57a6-38f1-449f-a65d-ec95b22ca8df,08148599,Why Central,Office Supplies,349.51,Pending,2024-02-28,Ashley Gordon,coopergabriel@example.org,Qatar
a5f5777f-40f6-4b57-a8a1-6a621d0ae26a,80013600,Sport Exist,Beauty,314.59,Cancelled,2023-12-15,Elizabeth Anderson,kenneth16@example.net,Netherlands Antilles
1160815f-1b7b-4155-96fe-13ea09f35b26,35631170,Analysis Happen,Office Supplies,336.39,Cancelled,2024-02-17,Dennis Morris,wolfebryan@example.net,Kenya
c8190bfe-d0af-4b94-9f7f-2f8624d40798,16010574,Believe Example,Beauty,125.44,Shipped,2024-08-08,Jennifer Rivera,johnsonalyssa@example.com,Jamaica
b17a497a-96b1-40d0-a05a-720ebd6ca6bf,27940259,Suddenly Peace,Sports,364.69,Cancelled,2024-05-03,Jean Hunt,lucashoffman@example.com,Grenada
2ef14145-67f9-419b-8b26-0a16b849e3de,66511724,Once Better,Sports,413.98,Cancelled,2023-11-19,Christian Cook,gperez@example.org,Brazil
aeab3938-8a68-45af-aac6-e2b141e0627c,04372813,Today Be,Sports,271.0,Cancelled,2024-07-30,Tom Ray,bfox@example.org,Honduras
3463c471-50fb-442a-a76a-6441c131e953,83344473,Firm Something,Health,465.65,Cancelled,2024-08-22,Mark Smith,gweaver@example.org,Tanzania
53bbffe5-934f-4697-bafb-e6d9efd49c7c,95874586,Season Hit,Books,92.9,Cancelled,2023-12-09,Linda Fischer,griffinkristi@example.net,Czech Republic
3dde5e33-18b5-468f-8850-e36ce3caa1d3,43666584,Little Way,Books,351.46,Pending,2024-03-31,Nathan Martinez,justin80@example.net,Netherlands
473f5f93-1b63-41fd-88c5-70556ffb1ab4,67950089,Soon Measure,Sports,102.5,Cancelled,2023-11-22,Travis Evans,andrew78@example.net,Turks and Caicos Islands
e31ee435-1cba-49a7-ac87-47e4476ccae0,50251124,Probably Local,Toys,14.96,Cancelled,2024-09-21,Michael Green,raymondbradley@example.org,Christmas Island
6d17a368-182b-408f-943e-31b9aa9d7aae,98857876,Fish Little,Health,483.6,Cancelled,2024-09-21,Matthew Wilkerson,michellelowery@example.com,Saint Helena
a7cc7b59-ab3d-4850-9d13-439c11dfd553,64846361,Church Doctor,Beauty,100.56,Returned,2023-10-16,Angie Baker,singletonemily@example.net,Botswana
05f2f81d-4d96-4e58-abe0-d7f991e40888,58494622,Nation Air,Automotive,495.7,Returned,2024-02-19,Emily Cruz,hoffmanalexander@example.org,Uruguay
d5feb229-d775-4f21-80a8-5e6680652504,23289734,Whose Book,Automotive,366.49,Returned,2024-05-05,Richard Stevens,steven36@example.com,Iran
25250761-11b4-4c0b-ae7e-74ec096e96ea,65339244,City Garden,Clothing,498.53,Shipped,2024-05-26,Kaitlyn Clay,steelechristina@example.net,Martinique
8d6ec6c8-f39c-4db1-a0d9-96406c1cfd34,03303108,Main Industry,Home & Kitchen,179.06,Cancelled,2024-08-21,Brian Scott,pattonryan@example.org,Kazakhstan
a5102661-f086-4043-bcb5-2b005dfd08ec,08014344,Lay Thing,Clothing,215.69,Pending,2024-05-01,Kimberly Young,lisa80@example.com,Lesotho
fba97b8b-7684-465e-889a-327401720678,30329119,Pattern Mention,Sports,187.73,Shipped,2023-10-19,Misty Molina,hkim@example.net,Senegal
23128fec-b99a-468f-b274-115334f21303,08087904,Feeling Position,Books,275.99,Pending,2024-08-15,Mark Mendez,anthonyrussell@example.net,France
ae34d817-acd0-4649-9321-8c8b4af4145c,00769655,Responsibility Factor,Home & Kitchen,110.31,Cancelled,2024-05-19,Stephen Romero,vfranklin@example.net,Netherlands Antilles
857d5a06-56e6-41bc-a9b6-f9157a6b9243,53139757,Tonight Both,Office Supplies,228.02,Cancelled,2024-06-09,Chelsea Mullen,gregory37@example.org,Mayotte
91096aac-79df-447e-8cb9-016ed64bdffc,72016329,Hotel Forward,Books,494.94,Cancelled,2024-06-21,Kimberly Lee,guerreroandrea@example.org,Grenada
2a1b1d48-8552-4772-abf9-a541c67974a6,33328065,May Raise,Beauty,163.66,Pending,2024-07-09,Jessica Andrade,zhall@example.org,Armenia
c0442a58-4c86-4ca0-a26d-7459aae6a8ad,39112514,Rest Scene,Clothing,385.43,Cancelled,2024-03-20,Amy Parker,obrienallen@example.com,Germany
c4590650-1e20-46c5-bcb2-b546e73ed756,92032774,Radio Describe,Sports,198.13,Pending,2023-10-14,Jason Coleman,williamsvincent@example.net,Denmark
8318d2cc-0783-4735-b388-5de96bc2a280,16573208,Summer Poor,Office Supplies,30.29,Shipped,2023-10-18,Melissa Farmer,adamwilliamson@example.com,Luxembourg
e1b807f4-fce6-42c6-911f-66d5dc330793,50010301,Mention Particular,Automotive,67.53,Shipped,2024-03-31,Amy Bell,lisa84@example.com,French Southern Territories
badd8f72-c63b-44f9-8c16-fd9e31de86c4,87342574,Edge Else,Books,405.66,Shipped,2024-09-14,Jacob Avery,ericjohnson@example.org,Jersey
cd435970-7d12-48be-be4c-11bcc7aa4dba,52299407,Chance Note,Books,241.61,Cancelled,2024-03-05,William Edwards,gjackson@example.com,Cote d'Ivoire
60521b2b-17c0-4ec7-88d9-d63ffe14c1c6,59272175,Fine Every,Clothing,380.88,Shipped,2023-12-06,Rachel Becker,lhoward@example.com,Singapore
9acbf63f-5cb5-480f-9c73-807ae8de442d,45200809,Argue Meeting,Sports,390.21,Cancelled,2024-02-27,Justin Flowers,lucaskimberly@example.net,Angola
0116e8e0-b2c0-47e7-8a90-65cbd717c787,38593628,What Law,Office Supplies,310.81,Shipped,2024-07-16,Cole Rivera,zwilliams@example.net,Senegal
07917cd8-2c93-48fa-9032-67cffdf55d72,14548277,Respond Because,Health,122.41,Returned,2023-11-15,April Cline,christopher52@example.net,Bangladesh
33cb1a9e-c018-4e47-b6a4-a8e56edef0b5,64835426,From Kitchen,Clothing,479.72,Returned,2024-09-17,Russell Good,zfoley@example.org,Uruguay
69d030c2-a858-469b-852d-b6e29c52d31b,58021996,Box Start,Books,423.49,Pending,2024-05-21,Katherine Jones,williamvelasquez@example.org,Syrian Arab Republic
0159cea3-5d9a-4a9e-9676-b0ed8711afe4,70802818,May Whether,Office Supplies,26.64,Cancelled,2023-10-08,Ronald Sanchez,lisaalexander@example.net,Martinique
7ac33e71-72db-4c27-b2aa-3c64c497b839,48756785,Situation Too,Clothing,190.04,Cancelled,2024-05-29,Jeffery Jimenez,ghale@example.org,Canada
cf821d64-1944-4167-ac55-66fb4f45cab9,43701414,Nation Run,Office Supplies,169.51,Shipped,2024-09-30,Timothy Johnson,cruiz@example.org,Uganda
7d5ad437-b20a-4e65-8c82-d48eda5a5411,42272977,Watch Hotel,Automotive,373.87,Pending,2024-01-25,Jason Fernandez II,johnsontamara@example.com,Canada
e9564870-5059-4122-b940-11311e8cb50d,80169154,Theory Social,Electronics,21.86,Shipped,2024-09-13,Nicole Bruce,craigjohnson@example.net,Reunion
972d08b5-c153-493f-ad67-c4183ccbd328,65687796,Necessary Conference,Books,258.3,Shipped,2024-08-17,Nicholas Fischer,bellcheryl@example.com,Trinidad and Tobago
3dcb6515-ee31-4377-abcc-0135662e9acd,38437793,Report Require,Beauty,290.23,Pending,2024-05-20,Daniel Reilly,brianna97@example.net,American Samoa
0c5069a0-5953-4bc4-882e-68a77b08f94e,85918276,Well Some,Health,494.59,Cancelled,2024-06-14,Alan Snyder,john50@example.com,Holy See (Vatican City State)
be4e7f51-010a-483a-91c9-aa9028913200,16157781,Room Community,Health,393.98,Pending,2024-01-20,Adam Hayes,duanecruz@example.org,Armenia
0761f7f0-7de5-475f-a153-26be3cc701e1,26707396,Wife Miss,Beauty,118.31,Pending,2023-10-27,Dakota Gardner,patricia72@example.com,Slovakia (Slovak Republic)
9eccf282-b4a3-4b60-8621-89743560d8a6,36163397,Rather Man,Beauty,258.32,Cancelled,2023-10-08,Jared Walker,lweaver@example.net,Saint Lucia
41b499d6-675f-41f6-9846-5e6e25313691,28678007,Maybe Prepare,Clothing,214.8,Pending,2024-02-01,Brian Lewis,balljoe@example.net,Estonia
234a710e-68e9-40f5-8db1-8d8cad129109,71899244,By People,Clothing,230.74,Cancelled,2023-11-10,Belinda Nelson,wandalloyd@example.com,Honduras
9c725450-5b85-4225-9b92-838c84576739,58894149,Respond Buy,Beauty,405.8,Cancelled,2024-02-21,Miranda Arnold,ggray@example.com,Palestinian Territory
e472d234-6de8-4adc-9ae6-619e324101b7,27555828,Per Health,Health,88.58,Cancelled,2024-03-16,Sheryl Bryant,samanthamays@example.org,Korea
72e46fb8-04ee-40a8-8ca9-b20a005bf563,17098335,These Little,Toys,394.06,Cancelled,2024-08-23,Kim Henderson,hahndenise@example.net,Holy See (Vatican City State)
af90c22d-6c8b-44bf-8e44-1c0c8731da12,57443485,Account Church,Toys,142.57,Shipped,2024-09-07,Erik Kennedy,mariomarsh@example.org,Croatia
e9a5d861-be46-446c-b163-521748e0000c,55542845,Contain Task,Beauty,96.18,Pending,2024-03-07,Jasmine Powell,stephensonedward@example.org,Niger
1be1a67e-05bf-49fa-b1a6-63a920d3a61d,85754171,Top Wait,Sports,272.63,Shipped,2024-05-08,John Nelson,stevenseric@example.com,Korea
d78cbfb9-8f3a-40cc-9278-0894e111747a,79723725,Thank Ball,Office Supplies,390.44,Cancelled,2023-10-30,Steven Salazar,jesse77@example.com,Comoros
dbf844dc-b71f-41eb-b920-259fb6f6c35a,52037818,Third Long,Books,198.51,Returned,2024-04-24,Amanda Clements,alexandrajohnson@example.org,Antigua and Barbuda
bc59162b-4235-4ddc-b2c6-48ae04140a67,47885844,Personal Hot,Clothing,383.93,Returned,2024-06-19,Susan Douglas,darleneherrera@example.org,Sao Tome and Principe
605be7ba-e5f6-4369-8cef-1273b451db1e,65828502,Power Continue,Health,427.53,Pending,2023-10-11,Robert Perry,darren69@example.org,Aruba
2f900cf9-d866-48f4-9976-73954d86ddb2,07995798,Realize Provide,Toys,116.68,Returned,2024-07-09,Edwin Arnold,johnsbrian@example.org,Kazakhstan
f3071c6c-a21a-494a-b417-bcc8b4166f55,41091333,Three Throughout,Clothing,421.72,Returned,2024-04-20,Lucas White,diaztina@example.com,Taiwan
ac72544c-8162-47cb-8ba2-be398e51cf25,84107749,State Bag,Books,86.25,Cancelled,2024-02-23,Ronald Smith,smithandrea@example.org,French Guiana
548f5a0f-60df-4906-80f3-29d37d4b6b48,69676048,Area Serve,Automotive,342.23,Pending,2024-05-05,Charles Miller,watsonmaria@example.com,Spain
d4a2fbe7-2d8f-4b96-85a0-950a6a2c47d1,54796324,Idea Wide,Health,371.17,Cancelled,2024-02-13,Jaime Anderson,bmoore@example.net,Falkland Islands (Malvinas)
16c96ded-d6ba-4763-8333-58b812135b98,69052880,Structure Cup,Home & Kitchen,136.29,Returned,2023-10-09,Ashley Davis,cassidywalker@example.com,Montserrat
aa702169-35bd-474f-aad4-e5a245664ef9,76199196,Kid Without,Sports,279.02,Returned,2024-03-15,Kenneth Dunn,christopherfranco@example.com,Somalia
d18da683-1b5c-4b64-8077-d7639bac6405,55486118,He Popular,Health,479.56,Pending,2024-10-03,Robert Hines,wthompson@example.com,Thailand
8959d3f2-0382-4591-b347-68d7ac7a00d1,04876304,Common Deal,Sports,468.82,Returned,2024-07-27,Robert Smith,jordanmisty@example.net,Trinidad and Tobago
3d3c585b-8777-4842-99b4-b9b77f5febda,14458897,Story Particular,Home & Kitchen,307.63,Returned,2024-08-04,Katherine Norris,seanjackson@example.org,Swaziland
ad849645-c411-4444-9292-2b38d35a57d6,03451793,Wide Likely,Sports,407.33,Returned,2024-02-07,Lisa Ramirez,tracy09@example.com,Honduras
eeb1139f-ae51-422c-b988-fd7d63977bc9,09609839,Tax Scientist,Home & Kitchen,65.3,Pending,2024-01-18,Cody Donovan,holmeswilliam@example.net,Antigua and Barbuda
e8d6617d-5747-425e-8860-f4730aa5a259,57500416,Specific Defense,Beauty,141.55,Cancelled,2023-11-17,Jacqueline Mcdonald,brownsteven@example.com,Iraq
66bf7693-a166-4cf6-a8b9-dcca2747cbe8,80507741,Economic Raise,Health,494.87,Cancelled,2024-08-30,Steven Rivas,barrroberta@example.org,Libyan Arab Jamahiriya
56c5fd61-bd7c-4342-a94a-94c1e6959699,83802911,Rate Defense,Electronics,153.55,Cancelled,2023-10-12,Mrs. Beth Cameron DDS,wjohnston@example.com,Burundi
4af02109-6ac8-464c-973f-a7c64a3a10e9,86182737,Mother White,Office Supplies,319.95,Shipped,2024-07-11,Calvin Ware,villegasphyllis@example.org,Brunei Darussalam
661ef6a9-9c47-4dc6-ad1f-88792a2eec3a,97196402,Without Various,Clothing,394.44,Cancelled,2023-12-12,Kevin Tyler,lederrick@example.com,Liberia
104482e7-afbf-4555-b241-7f503d81c168,08494337,Senior Effort,Home & Kitchen,452.15,Pending,2023-12-02,Craig Ferguson,riveradavid@example.net,Zambia
ba8a4d24-9537-4b06-9991-3f68f00a2d0a,32425901,Require Single,Office Supplies,290.9,Shipped,2024-07-04,Thomas Sawyer,bishopsheri@example.net,Iraq
1086493a-2301-4fc2-9bf9-446ae5e6bdcd,65596098,Current Feeling,Home & Kitchen,291.43,Returned,2024-05-16,Amanda Vasquez,kimberly81@example.com,Fiji
7eec9d4e-a2f7-45df-8da2-665f0873ceab,66342724,Media Walk,Toys,393.56,Pending,2024-10-05,Aaron Mann,wagneranthony@example.net,Vanuatu
a9d03f19-500d-457f-bf8e-8ff54263bdad,84505378,Film Big,Beauty,330.0,Returned,2023-12-27,Melissa Walker,william61@example.com,Guadeloupe
08c5b671-d200-4e75-9241-598f41cfae18,72796221,Control Standard,Beauty,440.22,Shipped,2023-10-28,Joshua Dudley,davidstuart@example.com,Romania
260c7e20-d0e4-404a-b37a-72c9887d4770,09265257,Move Realize,Automotive,225.2,Cancelled,2024-07-04,Joel Johnson,michaelbrown@example.com,Guam
56d4d42f-9550-4827-8a31-f9f05f930db7,99946906,Believe More,Sports,96.21,Returned,2024-07-04,Penny Bruce,jlee@example.net,Mauritius
24ae677f-21f9-48b4-a0b2-3a74b0c02274,45379505,Talk Girl,Health,229.18,Pending,2023-11-26,Joseph Valencia,lamchristopher@example.org,Iran
3e861765-3048-4581-9320-1ea95b3ae13f,65260272,Store Popular,Clothing,173.2,Cancelled,2024-07-19,Michelle Kelly,stephaniesanders@example.com,Taiwan
60205764-33eb-4be9-be39-b6577fbf818c,89114780,Heart Deep,Beauty,130.97,Returned,2024-07-01,Yvonne Friedman,ybrooks@example.com,Cayman Islands
abceb349-114c-4718-b589-509732f62f45,40694351,Understand Agent,Automotive,454.61,Returned,2024-07-13,Virginia Conway,waterstyler@example.org,Lithuania
803a0ed5-5427-492c-8784-e584e8df8f46,64730318,Its Pass,Sports,296.61,Shipped,2024-07-31,Ryan Fleming,curtiswalters@example.net,United States Virgin Islands
c92dee83-c404-403b-ae3d-e02e23f98656,36645800,Growth Along,Office Supplies,238.41,Pending,2024-09-12,Steven Roberts,hernandezkristy@example.com,Serbia
040eeaa0-538c-407f-99b1-70938d51cc41,09947030,Rest Interview,Sports,351.63,Pending,2024-06-06,Nicole Moreno MD,gloria99@example.com,Andorra
c4bbc629-7b40-4a3e-84a9-56514c036094,46809094,Break Likely,Health,492.66,Cancelled,2024-08-03,Kimberly Huang,ashleybrown@example.org,Burkina Faso
0cd18d25-3cf0-4f2b-8510-da5f8c8a8654,67833023,Want Edge,Health,351.15,Pending,2024-06-27,Sheila Hensley,pmalone@example.com,Benin
153fcd92-cb67-4199-8105-20492151351a,02007106,Music Material,Office Supplies,394.05,Pending,2023-11-16,Michael Brooks,keith95@example.net,Senegal
f82a73c1-851c-4c99-afee-f5b5f0af6c6d,45977909,Building Common,Automotive,52.99,Shipped,2024-03-17,Shawn Alvarez PhD,dthompson@example.org,Korea
16adaa27-1a42-4aff-aa6a-93c5086d9854,91939074,He Capital,Toys,269.55,Returned,2024-02-24,Michael Campos,simmonstroy@example.net,Lithuania
33f398e8-1158-4303-b41e-71fa72f2c627,76341595,Night Where,Toys,352.18,Cancelled,2024-04-21,Joseph Jackson,whitetammy@example.com,Nigeria
bdd47d24-eb8f-4542-8f0f-6b7322b0b79c,26192635,Rest Up,Sports,317.53,Returned,2024-01-22,Christina Evans,adriennejohnson@example.com,Mongolia
f5f977c2-2963-4cec-b438-ed2942d0aaea,00370851,Here Follow,Beauty,100.29,Returned,2024-02-03,Sherry Hudson,robertkelley@example.org,Portugal
c7af2c61-11b1-4bf1-98a8-63a3c67fd9b4,97075400,Charge Child,Automotive,61.84,Cancelled,2024-02-10,Daniel Savage,thompsonjoseph@example.net,Bahrain
3f920d5a-6e67-407f-9949-1a74adac41db,11623625,Door Think,Home & Kitchen,97.23,Returned,2024-02-02,Michelle Wilson,ruizjean@example.com,Cuba
1b834ba2-1cb4-419a-a0f1-6bebc5c24c80,64325187,Stay Age,Health,22.6,Shipped,2024-07-21,Joseph Clark,aboyle@example.com,Suriname
ba28b43a-89e8-4313-938d-611e4615b261,02992525,Time Not,Health,241.91,Shipped,2024-02-14,Andrew Anderson,michele90@example.org,Greece
e96b4aae-6f42-44e8-b7c8-f315e2fcea3c,87049428,Second Stand,Sports,297.78,Pending,2024-05-25,Joshua Rodgers,drewrose@example.org,Burkina Faso
94f06908-deb4-42dc-8bf1-59b2a85efd7e,59404309,Light Deal,Office Supplies,269.04,Pending,2024-05-06,Hayley Harris,robert95@example.net,Korea
77944286-1741-4b7e-b260-3216fdf87569,55319614,Kid Phone,Sports,289.26,Cancelled,2024-02-04,Leslie Roberson,ufowler@example.net,Estonia
f96ed19c-8ab1-4bfc-ac1b-cb73be21abf1,38439469,Rock Magazine,Home & Kitchen,484.15,Cancelled,2024-01-21,Darryl Case,tsanchez@example.com,Burundi
6706e2a1-685a-497c-9997-3a9b08c24fe7,59892014,Only Surface,Sports,47.93,Returned,2024-08-02,Gerald Lloyd,kimberly04@example.net,Jersey
87170d16-a0af-41b3-b594-1868fbb8614c,23063990,Tough Piece,Automotive,352.89,Cancelled,2024-09-05,Lindsay Barron,hallbilly@example.org,Slovakia (Slovak Republic)
ecf3ea2f-caef-4a77-b212-abdca67d2bde,84688323,Condition Dog,Toys,350.64,Shipped,2024-02-24,Anthony Holmes,ramirezbenjamin@example.org,Equatorial Guinea
e232d24a-adc5-4535-946f-5f6f3bc1df00,92446076,Fire Avoid,Clothing,119.82,Returned,2024-03-21,Dr. Jacob Price,utaylor@example.org,Netherlands Antilles
a69ea69c-37c1-469b-929b-b7cb8001b2d9,96042564,Want Once,Clothing,478.84,Cancelled,2024-09-12,Bobby Larson,piercemiguel@example.com,Tanzania
2f54f24c-ef9a-4fc9-ae25-7d7b61ad3a23,30534384,Turn Name,Automotive,72.66,Shipped,2024-07-15,Dominic Stephens,thomaswilliam@example.com,United Kingdom
0891af54-23df-48f4-8008-07c9190a670a,72126462,Happen System,Home & Kitchen,39.55,Pending,2024-08-16,Ryan Gould,sball@example.org,Guatemala
300c9b54-e425-4801-a055-332a386c0bff,42359531,Quite Sit,Home & Kitchen,273.22,Shipped,2024-09-18,Virginia Diaz,doris59@example.com,Slovakia (Slovak Republic)
99c42197-730a-4149-9efc-4048c6a741d1,85943087,Arrive Fish,Books,142.09,Shipped,2024-05-18,Laura Johnson,fpatterson@example.com,Cape Verde
cd23da12-317e-4393-984c-7f0b592ca0f2,41937785,Color Argue,Beauty,478.62,Pending,2024-01-21,Donald Bolton,jasonbrooks@example.com,Argentina
1b0bd063-b07f-479f-9e8f-c363e3e7ffa5,31484152,Note Grow,Beauty,189.78,Cancelled,2024-09-18,Paul Ferguson,darrellmichael@example.com,Venezuela
e1af21a0-5ea9-485b-a3fb-1bcad041aada,92328358,Lawyer Argue,Automotive,424.59,Shipped,2024-01-07,Jordan Poole,jeffreysanchez@example.com,Pitcairn Islands
6113f40e-1d29-4f3d-96eb-5af9c61a8e7d,96120460,Rest Put,Home & Kitchen,158.18,Pending,2024-08-03,Marie Patrick,williamscatherine@example.com,Peru
09c17b26-bea6-4be3-9cad-3c3b3e75ffc6,15329998,Identify Send,Office Supplies,57.74,Pending,2024-08-07,Jessica Singh,tprice@example.com,Heard Island and McDonald Islands
23485091-539e-48dc-976d-2f96239344b5,50743872,Produce Occur,Toys,16.97,Returned,2024-03-02,Julie Reilly,ryanmoss@example.org,Burkina Faso
b9dcaceb-b825-481e-964b-04d6dc16fbb5,04147817,Finally Improve,Health,189.3,Cancelled,2024-07-19,Erin Hardy,xsmith@example.net,United Arab Emirates
7a199a50-e495-4b8c-9c8f-45bd192f23da,52498909,Owner Front,Sports,282.11,Pending,2024-01-03,David Levy,christina96@example.net,British Indian Ocean Territory (Chagos Archipelago)
e9f416f9-c91b-470a-9690-dac8a005fb11,03897256,Deep Likely,Toys,405.16,Returned,2024-02-17,Gina Fisher,wolfkevin@example.com,Bolivia
bbac4f8b-c12d-44ae-aa9e-b10eeda69341,63197600,Without Everything,Books,441.04,Returned,2024-07-09,Daniel Vaughn,nicolewright@example.com,Bermuda
36673972-8c42-4c51-956f-7c8f3230dabd,25983258,Trouble Hand,Books,472.26,Shipped,2024-06-17,Jennifer Tran,andrea93@example.com,Honduras
e9cfdb81-c89f-4b3c-92c9-918a52225544,18755534,Factor Information,Books,288.88,Shipped,2024-06-17,Samantha Johnson,brittanyhernandez@example.net,Iceland
2d72fa2a-da8d-424f-b66e-708f6a135f31,56147803,Painting Feel,Books,465.26,Shipped,2024-07-22,Roger Lyons,faith83@example.org,Mexico
6a358001-4fb5-4e85-a196-a9e750fd587e,27811412,Game Ago,Automotive,82.01,Shipped,2024-03-28,Crystal Smith,martinezrachel@example.com,Marshall Islands
2971fcab-a8ca-496c-b4bb-1ef427a90c5f,25100532,Able Dark,Toys,358.81,Pending,2024-05-30,Melissa Baker,kerridennis@example.com,American Samoa
f5300e5e-8959-4060-8e6e-1edaabc66579,07014130,Step Sometimes,Sports,370.16,Returned,2024-05-22,Stacy Miller,kdalton@example.com,Greece
8cd35211-cfd1-4132-9238-6d693727be6c,53146618,Standard Ability,Health,376.31,Pending,2024-09-25,Lisa Burton,bsaunders@example.com,Czech Republic
d3479db9-0f5c-4cb2-b224-1748a72e2291,97738213,White Image,Health,224.51,Shipped,2024-05-19,Christopher Becker,hilljerry@example.net,Tonga
28768fb7-42d6-459e-97a6-b1b341f059e7,02344010,Table Every,Home & Kitchen,123.33,Shipped,2023-11-07,Angela Richards,kingjuan@example.net,Azerbaijan
d187eb04-ed80-4dd6-aeca-595a70db17f3,75525439,Sport Partner,Home & Kitchen,19.78,Cancelled,2024-09-03,Melissa Coleman,alexisgordon@example.org,United States of America
8901768e-49ae-476b-9cfe-2ecee2039470,62480376,Great Piece,Toys,81.8,Returned,2023-11-26,Harry Acosta MD,hjones@example.net,Mexico
38cf14ee-b3f8-4dc4-825c-8731c483fd67,77343789,Couple Store,Electronics,57.39,Shipped,2024-09-21,Dana Martinez,meghanreed@example.com,Kiribati
90c3b3db-8eb6-48d5-81bf-19b6b187e459,24507028,Likely Thing,Toys,336.53,Cancelled,2024-04-24,Jose Nguyen,bonnie99@example.org,Romania
e41f49f3-2ab1-4a61-ae66-44aed3f65fc0,13088026,Ten Approach,Health,42.01,Shipped,2024-04-16,Richard Mathews,candaceobrien@example.org,Zambia
f1d78a93-bd88-4b6e-9fb8-f40ea5289705,19969114,Prevent Born,Beauty,88.58,Cancelled,2023-11-12,Christopher French,edwardhood@example.net,Mozambique
3f2a4ec4-5ca0-415d-8220-b76ca0b25868,37879501,Cold Hit,Clothing,22.16,Returned,2023-11-25,Erica Moore,martinezrobert@example.net,Brunei Darussalam
404a3732-fd3e-418e-b51d-593ebd8c6be8,01200232,Indeed Close,Clothing,196.66,Shipped,2024-02-11,Tara Mckenzie,sharon91@example.net,Guadeloupe
2fa7e0fe-fdf0-4d09-be8f-1c304496ddd4,78195592,Simple Seek,Books,405.76,Pending,2024-02-16,Carlos Evans,ycox@example.net,French Southern Territories
906be267-5ba2-4637-aa9e-ee5821a91011,07606939,Reason Sound,Home & Kitchen,93.59,Cancelled,2023-11-19,Daniel Patton,crystal40@example.net,San Marino
68629060-19bc-4bfa-9f52-796c984f5f7b,14189845,Road Though,Electronics,371.98,Shipped,2024-08-21,William Roberts,davismarvin@example.net,Ukraine
7fc0574b-33d4-4b9e-ad94-fa1f9d668eca,61385924,Recent Pull,Home & Kitchen,77.16,Pending,2024-02-16,Erik Wu,timothy29@example.org,Benin
7db88fe2-be9c-4f66-9f63-a1ad276c4f25,83317545,Where Degree,Electronics,118.79,Returned,2024-08-12,Jamie Morris,michelle19@example.net,Indonesia
9a0b74c6-b456-46ed-adee-cfbf1bd45867,85229921,Really Art,Clothing,293.04,Returned,2024-07-05,Jesus Hernandez,richard14@example.org,Kenya
f440bb7a-e09d-4cc6-b5a0-2710562bb0ac,55535151,Contain Character,Sports,257.06,Returned,2024-02-02,Allen Edwards,renee21@example.com,Croatia
19eb71e5-c2c7-4137-b7ba-96f62d101e47,64099835,Actually Firm,Clothing,258.34,Shipped,2024-09-06,Elizabeth Salas,gowens@example.org,Benin
e07d25d9-d378-475c-912f-3fad04763430,43796649,Wrong Season,Automotive,242.38,Shipped,2024-03-10,Michelle Small,maria66@example.org,Pitcairn Islands
563d796a-5c2b-42a1-b076-17d271542ce9,53207746,Respond Fall,Books,163.24,Shipped,2024-02-24,Paige Johnson,tcummings@example.com,Cyprus
ca321863-8f13-424f-91a7-a1f1413f9d71,95261829,Material Control,Health,119.14,Shipped,2024-05-26,Debbie Roberts,amber98@example.org,Netherlands
ad4fa32d-ba43-4c05-83c3-607c2d05921c,49653984,Street Practice,Beauty,232.4,Pending,2024-05-14,Eric Dean,andrea92@example.net,Andorra
0fdba98c-71f3-48a8-b396-2daaf648b10d,35286806,Prove Analysis,Beauty,119.83,Cancelled,2024-05-17,Angela Byrd,michael91@example.org,Qatar
eb16497a-aaf8-4d7e-89f1-d14f5bbd8540,22666741,School Impact,Automotive,140.55,Pending,2023-12-22,Karen Brown,hayscharles@example.org,Moldova
05b6b576-7ac2-4875-bbf7-de937ce9d5ab,74747764,Indicate Month,Beauty,47.89,Pending,2024-03-30,Megan Nash,victoriareid@example.org,Morocco
0cfc4864-968e-41ce-b6ba-7d4b07ecdb3e,59517337,Society Such,Toys,253.0,Cancelled,2024-07-04,Kimberly Green,noah85@example.com,Namibia
4ccc1d00-259c-4d4b-ac99-d29d57903386,55120203,Education Measure,Beauty,41.24,Cancelled,2023-10-19,Morgan Green,victorryan@example.org,Turkmenistan
56d42a5e-87d2-4689-a06d-124c62fbc68d,05477036,War Open,Sports,176.37,Pending,2024-08-04,Carlos Lucas,kaylee94@example.net,Liberia
0d6674c6-da2e-4610-90d7-0602fe9a5d38,09341845,Reach Article,Office Supplies,384.55,Returned,2024-04-04,Tammy Bernard,parsonsbryan@example.com,Portugal
c36c0aff-720e-498d-9f43-a4a46e4bc8a2,96918388,By Base,Clothing,228.02,Returned,2024-01-24,Patrick Macdonald,xfuller@example.org,Korea
52b8aebe-ce9d-45ff-9fea-61c3fa23d983,91943095,Issue What,Automotive,377.14,Pending,2023-11-08,Lynn Miller,terrymichael@example.org,Azerbaijan
2342288c-a13d-4095-8d10-c6a18940aa0d,50319244,Others Couple,Electronics,314.4,Pending,2024-09-09,Ann Wright,stephenssophia@example.net,French Guiana
0b58820c-bbaf-4c9a-9eb5-ee56f514dc32,75754549,Agency American,Office Supplies,48.27,Shipped,2024-08-16,Sara Watson,xrose@example.com,Trinidad and Tobago
812e4f08-b5b8-4fe0-a69f-8f9b05f944cd,55954600,Rock Open,Beauty,315.44,Returned,2024-05-27,Alicia Suarez,rogerssamantha@example.org,Uganda
3a0961ba-4ad1-4260-91f8-a9c22de2c734,61586857,Prevent Know,Office Supplies,415.5,Returned,2024-07-12,Kevin Simmons,miguelsanchez@example.net,Jordan
bdffb917-4e7e-40fc-8abd-2bc4842b6eba,75395025,Learn Conference,Automotive,443.99,Cancelled,2024-08-28,Susan Mitchell,maldonadobobby@example.net,Gambia
3713e0a4-9b54-4c47-ac3c-48f132cf15d0,61152762,Role Gun,Clothing,386.17,Pending,2024-02-08,Kimberly Berry,susanedwards@example.org,Niger
5f568f30-2762-4eae-b345-73d77c8f9c19,23383258,Floor Painting,Books,424.66,Pending,2023-12-26,Maureen Gonzalez,brianna55@example.com,Fiji
452bb77b-f9d4-4e1b-9e9e-37d264c55750,10173466,Low Present,Clothing,494.38,Returned,2024-06-09,Christy Thomas,michele69@example.net,Luxembourg
4748a105-7f94-40f4-81ec-9ac63f4a3f82,73684817,Candidate Remember,Office Supplies,83.6,Cancelled,2024-08-21,Melanie Porter,adamsleslie@example.org,Taiwan
b4b3ab9f-16ff-4735-91e9-6beee8172ee5,45745270,Option Difficult,Office Supplies,165.7,Pending,2023-10-11,Nicole Vaughan,knelson@example.org,Tonga
5b9b3cc1-b0cf-4b82-8a4b-cfc1b8b310a1,64716312,Task Bar,Toys,311.95,Returned,2024-01-31,Jessica Hunt,xavierhicks@example.net,Falkland Islands (Malvinas)
6d20e937-3894-4e99-a286-2e064bb9fee3,16216488,Reason Though,Health,347.8,Shipped,2024-05-15,Scott Hodge,diana35@example.net,Thailand
2959977b-15c7-4a6e-9174-5a119c21d68b,42842545,Interview Enter,Toys,23.38,Shipped,2024-03-07,Darrell Berry,dlopez@example.net,Indonesia
ad538a2d-1022-4a3c-baa6-400abcdac504,29847129,Member Tell,Books,321.19,Returned,2024-04-29,Catherine Wilcox,whiteandres@example.com,Barbados
9f06747b-0e0d-469f-8448-5ed8e6f58a03,73918684,Audience Mrs,Home & Kitchen,391.79,Returned,2024-10-07,John Hernandez,jennifer06@example.com,Namibia
f6fdcc46-4877-4537-993c-3e8fc46216c9,75736606,Bed Listen,Automotive,88.61,Pending,2024-08-03,Carrie Campbell,jorgecollier@example.org,Sri Lanka
cb2c871c-d61b-447b-9e25-33a9f33fd623,14282584,Answer View,Health,405.0,Shipped,2024-08-10,Juan Stewart,heatherhart@example.com,Bhutan
b672b64d-601d-449e-a526-69534be8feee,10180419,Modern Mention,Clothing,468.15,Pending,2024-08-16,Joshua Walker,kmcclure@example.net,Germany
1b0297e6-07e1-4e99-ab97-d44ea621f95a,17728003,Certainly Result,Beauty,442.62,Shipped,2024-02-10,Amanda Rivera,ramirezkatie@example.net,Djibouti
1088ff04-67b8-47c2-be20-78545a6e0339,53756459,Prevent Finish,Beauty,495.11,Shipped,2024-07-04,Kayla Sharp,trevinobenjamin@example.com,Saint Helena
0d65b591-5c8e-4b1c-8b36-6abf5e729536,92598287,Board Newspaper,Books,251.57,Shipped,2023-12-16,Kathryn Johnson,nguyenangela@example.org,Andorra
3183c4b7-6abe-4feb-9200-6250aa7b4efd,08548238,Sometimes Rule,Home & Kitchen,326.84,Returned,2023-10-24,Victoria Wilson,caldwelldennis@example.org,Liberia
16bead53-0507-456e-b625-158c7cc80f14,12117031,Interview Miss,Automotive,250.29,Shipped,2024-09-13,Robert Wallace,nwilliamson@example.net,Anguilla
87a90d5e-d6a7-4ce0-a771-e7a0627c4e91,44001605,Growth Truth,Clothing,227.79,Cancelled,2024-04-29,Sarah Alexander,gregorygardner@example.com,Philippines
8a5b508f-1826-4fee-ab87-e0983ad9003d,62124232,Effort Pm,Beauty,157.05,Cancelled,2023-11-01,Carrie Hopkins,glyons@example.com,Montenegro
573d7d70-b944-4693-87c7-84418878b09e,38011412,Pressure Thank,Office Supplies,18.02,Cancelled,2023-10-30,Curtis Hernandez,vincent69@example.org,Lithuania
6d1aaa38-7f4e-46e8-92dd-363fce50197c,49743647,Better Property,Health,450.59,Returned,2023-12-06,Diana Nelson,cameronsharon@example.net,United States of America
6f28184f-2719-4755-85a2-38719db270bc,32808797,Reveal Good,Office Supplies,231.31,Pending,2024-04-12,Kristy Goodman,jacqueline60@example.net,Cuba
fdc2673b-ce75-474a-bee9-5cfe20a453e2,26429977,Ten A,Electronics,88.74,Pending,2024-08-01,Alexa Nelson,alexandriabrown@example.net,Taiwan
7effce61-6c92-4fdc-a265-3afcec2e65dc,27466605,Section Remain,Clothing,147.92,Shipped,2024-05-27,John Brown,williamsjulie@example.com,Comoros
41957de4-4f6e-4ff2-9092-c51a6f360390,39457233,Ball Coach,Toys,401.36,Pending,2024-09-19,Andrew Walsh,qharvey@example.org,Vanuatu
7cba1044-5b42-4cf7-b4d3-5edaa5e3f480,41904893,Material See,Beauty,407.47,Returned,2024-09-30,Patricia Johnson,peggy24@example.com,Cameroon
b8a71e5f-54c3-4272-9789-7283e8199595,42772798,Page To,Beauty,124.62,Returned,2024-02-14,Henry Maddox,lmcfarland@example.org,Tonga
670d9b42-0604-4ba1-85f8-cdfa38e9fff3,80877677,Allow Use,Office Supplies,138.64,Cancelled,2024-02-10,John Mccullough,moorekevin@example.net,Rwanda
87470aa2-74b3-46cc-ab61-12f9286ba0d2,92070240,Current Whatever,Automotive,41.51,Pending,2024-09-28,Megan Vargas,williamsrobert@example.com,Grenada
6ca59efa-e23e-4455-b72f-3dbcf465bf9b,98634804,Argue Forget,Clothing,96.82,Returned,2023-11-09,Sheri Hamilton,karen24@example.org,Burundi
2a684f6b-8b38-49ef-8f9d-2012c2ec1bb4,24691949,Speech Able,Home & Kitchen,205.03,Returned,2024-07-13,Robert Hayes,julieodonnell@example.org,Senegal
1fa385f5-4a5b-4388-aa63-1ca4f0258493,94358285,Rest Find,Clothing,172.37,Cancelled,2024-06-29,Matthew Gonzalez,jennifer89@example.net,Slovenia
7786816d-8bd4-46b7-9143-2bfddb681871,92838956,Option Him,Books,281.05,Pending,2024-04-19,Heather Moore,acooper@example.com,South Africa
a95bf7ba-9ad9-479c-95b0-845cec7d9313,68366940,Throw Side,Electronics,458.41,Pending,2023-10-29,Angela Edwards,heatherharris@example.net,Eritrea
6954e892-2995-493d-b3f4-7b5dd8ca74ea,78902428,Husband So,Automotive,74.35,Cancelled,2023-11-22,Michael Turner,pyoung@example.org,Djibouti
c1442e8b-db29-4ae7-9a40-ddc908da0739,72905296,Alone Present,Toys,369.86,Shipped,2023-12-29,Alan Lawson,pottsjonathan@example.net,Timor-Leste
ff667e63-905d-4746-9b61-836deb873405,02717944,Fact Traditional,Beauty,85.47,Shipped,2023-12-20,Lori Woods,dcampbell@example.com,Slovenia
6190da3f-0471-44de-87ec-85850646121c,99926786,Drive Dark,Home & Kitchen,431.78,Returned,2024-04-23,Cynthia Thomas,marissa38@example.com,Greenland
c3fc3d04-7334-438d-91c3-ee699716e0ae,35607908,Customer Until,Health,160.68,Cancelled,2024-04-10,Amanda Simpson,stantonjoel@example.net,Kiribati
e15d5efe-3b61-4aa0-86fc-5265c133d952,34529669,Yes Push,Office Supplies,219.71,Pending,2024-03-10,Christine Watts,conniebarrett@example.org,Belarus
01e44d0d-fcc2-4ca9-af6e-4b196715d8a9,50296965,Catch Feel,Home & Kitchen,382.75,Returned,2024-02-16,Alexander Estrada,abbottkevin@example.org,Guyana
f1de8f6b-d3ff-4408-aca4-349fe99b7920,09458505,Final Drive,Beauty,384.71,Cancelled,2024-06-06,William Simpson,fuentesjohn@example.com,Saint Vincent and the Grenadines
ea8c81e3-83a4-477a-86be-4a62334a7493,84421586,Stock In,Books,403.16,Pending,2024-09-25,Vanessa Bennett,brooke39@example.com,Congo
92d952bd-9fb7-46bf-860c-bec7fcfe15b9,05663521,Weight Be,Beauty,381.42,Shipped,2024-05-13,Elizabeth Ingram,qmullins@example.org,Philippines
b3890a53-4f40-4b9c-99df-7a8cc13545cb,46201768,Number With,Health,298.11,Shipped,2023-11-24,Ryan Cox,cody96@example.net,Croatia
be5ece34-1c79-41c4-afd9-0700ac241a3e,52573590,Threat Bag,Toys,419.51,Returned,2024-09-06,Brianna Thompson,christinabarker@example.net,Puerto Rico
d320b0b0-b901-4712-b9af-3cd9050a4e49,20660512,Soldier Start,Health,446.87,Returned,2024-05-30,Tammy Murray,christian46@example.com,Switzerland
835b754b-5b7e-40ca-9591-275bb0fd3958,01686722,Throughout Foreign,Beauty,209.89,Shipped,2023-10-14,Adam Collins,zherring@example.org,Martinique
ebf21640-6f32-4e42-9aa8-b75f33d4cf42,17706674,Hair Big,Clothing,491.4,Cancelled,2024-06-26,Amber Schmidt,mary42@example.org,Christmas Island
6d26644a-bf9e-44de-ac6d-067d254fc556,46497628,Price Write,Electronics,344.52,Pending,2023-12-30,Victoria Grant,hcarrillo@example.com,Australia
960250a1-03ab-49d6-a113-99716111f71d,63527896,Court Able,Clothing,391.31,Shipped,2024-01-04,Cassandra Murphy,logan64@example.com,Mauritania
560cfcb6-eb6f-424b-aad6-af5acf98dfad,36488551,Sing Surface,Toys,200.98,Shipped,2024-06-13,Michael Collins,rodriguezandrea@example.net,Jamaica
5fb24262-f327-46fc-a985-73df9525e8eb,48739658,Coach Hair,Clothing,318.08,Pending,2024-03-09,Neil Martinez,byrdregina@example.net,French Polynesia
93c4eae8-fd5a-45d1-8885-9c8f515c7a10,67487578,Produce Buy,Books,416.36,Cancelled,2024-07-24,Shannon Harris,jennifer11@example.org,Switzerland
4fc75105-3888-43d9-87be-49c245b544b2,30741508,Without Three,Clothing,173.22,Cancelled,2024-04-28,Benjamin Gibbs,ashley30@example.org,Palau
c97e0f27-daed-4bad-86cf-c67bf0428def,38347375,Image Camera,Health,25.53,Shipped,2024-02-24,Justin Wise,alexanderfarmer@example.com,Sri Lanka
93732803-267e-43ec-bcf6-b48808cbe69e,55348409,Even Chair,Electronics,210.7,Cancelled,2024-08-13,Kimberly Yang,lanecathy@example.org,Burkina Faso
993cf8f5-8c68-49d1-9efb-2b7293bc2871,26255521,American Instead,Automotive,366.47,Pending,2024-05-08,Daniel Patrick,mrogers@example.com,Ethiopia
4d4a15ae-976c-493a-8765-96d7edb0dec2,23860612,Address Type,Clothing,151.15,Pending,2023-11-28,Julie Jordan,lovebrandon@example.net,Denmark
66f883bb-feea-40a3-baa6-ea4f1123097e,29237555,Idea Order,Beauty,201.44,Shipped,2024-02-25,Steven Cooper,jasonshelton@example.net,Colombia
ef1bdcba-459d-4e5c-b409-ce9bb594b35e,86419963,Huge Quality,Home & Kitchen,472.52,Pending,2024-08-26,Crystal Hart,tavila@example.net,United States of America
85aceb37-d22e-404c-ae9e-babf953b9026,14015670,Man Part,Electronics,297.86,Returned,2024-01-24,Tammie Wilson,rtaylor@example.net,United States Virgin Islands
a3e261b3-8f7f-4f0a-982d-1a92a0b9b647,49778694,Reality Base,Home & Kitchen,12.89,Pending,2024-02-01,Duane Dougherty,xsmith@example.org,Dominican Republic
27dc7832-253f-41f8-91e2-191aaf1175ac,63998382,Himself Skill,Toys,453.48,Cancelled,2024-03-08,Susan Harris,grant43@example.com,Mauritius
9398cf19-553b-4a55-a304-9fc165a90491,42525042,Task Own,Automotive,353.74,Pending,2024-06-19,Ryan Martin,odawson@example.com,Yemen
04035e71-e2d3-4f21-85c4-c1870c14ebd9,14789465,Throw Degree,Health,185.2,Pending,2023-11-10,Jacob Thompson,ldaniels@example.net,Kenya
ae64bdf2-c8bf-4f12-8118-e073fd1e77ba,66917953,Begin Whatever,Books,13.8,Cancelled,2024-04-14,Desiree Potter,morganreginald@example.org,Lithuania
7179db7f-90cc-4f92-aad4-d23e80298e7f,16945463,Front Human,Books,117.71,Pending,2024-05-12,Elizabeth Ross,morrowcassandra@example.org,Bouvet Island (Bouvetoya)
200632ea-138d-4f4c-b33a-d3a80081e298,96495742,Old Nearly,Beauty,254.66,Shipped,2024-02-02,Michael Clark,sabrinamorales@example.net,Latvia
24558e51-4c5a-4fcd-95c1-3d8eda5a9164,12769544,Nice Worry,Electronics,405.25,Shipped,2024-01-14,Ryan Rios,dawsonrobert@example.net,Guatemala
0aedb3ef-5896-4d1e-a2d4-c618ddbae1e6,91218469,Theory Business,Books,317.56,Returned,2023-11-18,Kevin Smith,csnyder@example.com,Brunei Darussalam
75cbdd15-49e5-46a5-8cd5-eedce34ff4b4,63960341,Movement Voice,Sports,347.57,Returned,2024-02-10,Cassandra Hughes,michael58@example.com,Chad
6f3b3b27-6d92-4ddc-af48-493981c23982,55513555,Hard Staff,Sports,10.71,Cancelled,2023-10-10,Christopher Dunlap,deanna36@example.org,Hong Kong
46bca7f3-136a-4b3a-96a1-606f4425d996,82543037,Across International,Sports,207.78,Cancelled,2024-01-10,Elizabeth Gibbs MD,stanleyfoley@example.com,Liechtenstein
b81832bd-0aa0-4997-9a91-17e8f14b5c85,84898838,Provide Doctor,Electronics,475.58,Shipped,2023-10-31,John Davis,sheilamoran@example.org,Sweden
15b62dfb-c2ff-459b-bd49-c53e9902df5e,45595912,Character Listen,Automotive,139.33,Returned,2024-09-07,Amy Turner,christinamorris@example.com,Tuvalu
0f0c4302-f5ef-4766-b220-8d0d08fc5e93,37669140,Mention Prepare,Beauty,34.42,Shipped,2024-10-01,Jacob Ray,deborahfowler@example.net,Qatar
40ed57f1-ae8c-4ca5-9db4-d5dce579e874,79331333,Next Let,Beauty,238.65,Shipped,2024-06-12,Angel Delgado,ashleyfisher@example.net,Turkey
c2d2ba9e-10f9-44c4-b55a-52a1e8bf6e5d,26605036,Board Medical,Clothing,197.75,Returned,2024-03-10,Alicia Holmes,david54@example.com,Tajikistan
195c013a-256a-4bc1-990d-05b91671a99e,23664524,Western Economy,Sports,411.11,Returned,2024-01-12,David Rowe,abaird@example.com,India
e1764af0-7be5-42ba-8d1d-6cdb793f0993,04122302,Defense Bill,Sports,89.19,Returned,2024-08-23,Samantha Smith,terri61@example.com,Egypt
8f652228-1aa6-4151-bb74-cf120738c8f8,35732624,Surface Seven,Automotive,410.52,Pending,2023-11-04,Stephanie Bryant,george69@example.com,Holy See (Vatican City State)
d8fb2b1d-ec55-4d45-94b5-c4d6c10cad5d,34358481,Skill East,Clothing,451.7,Cancelled,2023-12-10,Chad Lopez,hfleming@example.net,Saudi Arabia
9cb809ee-d9f8-47a4-b50a-22655b7f3328,52583025,Tough Fine,Beauty,478.75,Shipped,2024-07-15,William Park,sara66@example.org,Liberia
717d6509-39c0-4ccd-ba92-fe09e68cbdd9,24935777,Anyone Memory,Office Supplies,161.07,Returned,2024-04-08,Shane Gray,jessicajackson@example.net,Pakistan
90449f88-f72c-425c-adce-2dbd69c20451,56177367,Service Enjoy,Automotive,288.44,Returned,2023-12-04,Chelsea Kelly,dawn72@example.net,Maldives
edd5bef7-45f7-4c33-9448-9149416870e3,10397558,Foot Wife,Toys,396.39,Cancelled,2024-03-08,Cassandra Rivera,allenmonique@example.com,Colombia
